name,address,phone,hours,website,category,rating
Metro Pet Grooming 1,4538 Maple Ave,(518) 946-3849,9 AM to 6 PM,www.metropetgrooming1.com,Pet Grooming,3
Happy Bakery 2,8571 Commerce St,(513) 322-3420,10 AM to 8 PM,www.happybakery2.com,Bakery,5
Green Restaurant 3,9234 Main St,(949) 627-3320,9 AM to 6 PM,www.greenrestaurant3.com,Restaurant,4
Classic Barbershop 4,2445 Elm St,(843) 114-2730,24 Hours,www.classicbarbershop4.com,Barbershop,5
Classic Auto Repair 5,3989 Elm St,(323) 183-1412,11 AM to 9 PM,www.classicautorepair5.com,Auto Repair,3
Metro Auto Repair 6,3873 Commerce St,(515) 817-7929,9 AM to 6 PM,www.metroautorepair6.com,Auto Repair,5
Green Bookstore 7,3428 Commerce St,(473) 834-1230,7 AM to 5 PM,www.greenbookstore7.com,Bookstore,5
Elite Dry Cleaning 8,7705 Elm St,(294) 121-3301,10 AM to 8 PM,www.elitedrycleaning8.com,Dry Cleaning,3
Classic Cafe 9,2123 Main St,(873) 502-1790,10 AM to 8 PM,www.classiccafe9.com,Cafe,5
Urban Salon 10,9866 Commerce St,(328) 710-2031,7 AM to 5 PM,www.urbansalon10.com,Salon,3
Metro Salon 11,6809 Main St,(697) 252-5073,11 AM to 9 PM,www.metrosalon11.com,Salon,3
Green Bookstore 12,5503 Main St,(594) 843-8236,7 AM to 5 PM,www.greenbookstore12.com,Bookstore,5
Metro Bakery 13,522 Commerce St,(709) 441-1238,7 AM to 5 PM,www.metrobakery13.com,Bakery,4
Happy Salon 14,5143 Commerce St,(396) 771-3530,7 AM to 5 PM,www.happysalon14.com,Salon,4
Green Bookstore 15,3975 Oak Blvd,(482) 109-3281,11 AM to 9 PM,www.greenbookstore15.com,Bookstore,3
Classic Dry Cleaning 16,3965 Oak Blvd,(472) 831-8209,9 AM to 6 PM,www.classicdrycleaning16.com,Dry Cleaning,4
Classic Dry Cleaning 17,7398 Commerce St,(943) 878-4963,10 AM to 8 PM,www.classicdrycleaning17.com,Dry Cleaning,3
Super Gym 18,1416 Commerce St,(507) 855-8071,10 AM to 8 PM,www.supergym18.com,Gym,4
Classic Pet Grooming 19,9597 Maple Ave,(263) 695-8541,11 AM to 9 PM,www.classicpetgrooming19.com,Pet Grooming,3
Elite Auto Repair 20,3846 Maple Ave,(684) 236-4096,11 AM to 9 PM,www.eliteautorepair20.com,Auto Repair,4
Metro Barbershop 21,2836 Maple Ave,(425) 523-4847,7 AM to 5 PM,www.metrobarbershop21.com,Barbershop,5
Happy Barbershop 22,3650 Commerce St,(584) 482-4682,10 AM to 8 PM,www.happybarbershop22.com,Barbershop,4
Green Auto Repair 23,798 Commerce St,(358) 992-1804,11 AM to 9 PM,www.greenautorepair23.com,Auto Repair,4
Urban Restaurant 24,4751 Maple Ave,(934) 536-2536,11 AM to 9 PM,www.urbanrestaurant24.com,Restaurant,4
Elite Restaurant 25,4978 Main St,(319) 529-4629,11 AM to 9 PM,www.eliterestaurant25.com,Restaurant,3
Elite Bookstore 26,3472 Maple Ave,(459) 777-2650,11 AM to 9 PM,www.elitebookstore26.com,Bookstore,3
Super Gym 27,9942 Elm St,(557) 608-6631,7 AM to 5 PM,www.supergym27.com,Gym,4
Super Dry Cleaning 28,855 Commerce St,(588) 685-7390,9 AM to 6 PM,www.superdrycleaning28.com,Dry Cleaning,4
Urban Dry Cleaning 29,145 Maple Ave,(643) 876-2842,10 AM to 8 PM,www.urbandrycleaning29.com,Dry Cleaning,3
Elite Pet Grooming 30,2442 Commerce St,(833) 624-5258,9 AM to 6 PM,www.elitepetgrooming30.com,Pet Grooming,4
Urban Bookstore 31,9217 Maple Ave,(875) 167-3598,24 Hours,www.urbanbookstore31.com,Bookstore,3
Metro Bookstore 32,6553 Oak Blvd,(494) 413-2271,11 AM to 9 PM,www.metrobookstore32.com,Bookstore,5
Green Bookstore 33,9697 Elm St,(417) 865-1554,9 AM to 6 PM,www.greenbookstore33.com,Bookstore,4
Urban Salon 34,4703 Maple Ave,(859) 160-2281,11 AM to 9 PM,www.urbansalon34.com,Salon,5
Green Bookstore 35,4487 Commerce St,(479) 886-8241,10 AM to 8 PM,www.greenbookstore35.com,Bookstore,3
Metro Dry Cleaning 36,9989 Main St,(606) 330-3449,24 Hours,www.metrodrycleaning36.com,Dry Cleaning,5
Classic Bakery 37,1795 Oak Blvd,(988) 169-9791,7 AM to 5 PM,www.classicbakery37.com,Bakery,3
Urban Restaurant 38,2108 Oak Blvd,(623) 474-9810,9 AM to 6 PM,www.urbanrestaurant38.com,Restaurant,3
Happy Cafe 39,9312 Oak Blvd,(912) 752-7632,24 Hours,www.happycafe39.com,Cafe,3
Classic Restaurant 40,186 Maple Ave,(561) 557-8842,9 AM to 6 PM,www.classicrestaurant40.com,Restaurant,5
Elite Pet Grooming 41,9278 Maple Ave,(916) 473-1147,9 AM to 6 PM,www.elitepetgrooming41.com,Pet Grooming,5
Elite Pet Grooming 42,2075 Oak Blvd,(234) 429-6778,7 AM to 5 PM,www.elitepetgrooming42.com,Pet Grooming,3
Metro Salon 43,2928 Oak Blvd,(962) 760-3284,11 AM to 9 PM,www.metrosalon43.com,Salon,3
Super Restaurant 44,6657 Elm St,(537) 205-7421,7 AM to 5 PM,www.superrestaurant44.com,Restaurant,4
Green Cafe 45,4710 Elm St,(788) 324-5355,7 AM to 5 PM,www.greencafe45.com,Cafe,5
Metro Bookstore 46,6704 Commerce St,(289) 290-4185,9 AM to 6 PM,www.metrobookstore46.com,Bookstore,3
Metro Restaurant 47,9690 Maple Ave,(314) 557-5814,11 AM to 9 PM,www.metrorestaurant47.com,Restaurant,4
Classic Dry Cleaning 48,3208 Maple Ave,(687) 709-5577,9 AM to 6 PM,www.classicdrycleaning48.com,Dry Cleaning,3
Super Salon 49,6527 Commerce St,(788) 466-7555,10 AM to 8 PM,www.supersalon49.com,Salon,3
Happy Bakery 50,7847 Commerce St,(476) 786-9307,9 AM to 6 PM,www.happybakery50.com,Bakery,5
Green Bakery 51,5735 Oak Blvd,(214) 527-7576,9 AM to 6 PM,www.greenbakery51.com,Bakery,4
Metro Dry Cleaning 52,4774 Elm St,(355) 357-8420,24 Hours,www.metrodrycleaning52.com,Dry Cleaning,3
Super Auto Repair 53,2298 Main St,(237) 287-1718,11 AM to 9 PM,www.superautorepair53.com,Auto Repair,4
Urban Barbershop 54,4431 Maple Ave,(650) 383-9289,11 AM to 9 PM,www.urbanbarbershop54.com,Barbershop,3
Classic Dry Cleaning 55,793 Commerce St,(739) 311-3312,7 AM to 5 PM,www.classicdrycleaning55.com,Dry Cleaning,5
Super Bakery 56,6546 Main St,(676) 136-5108,10 AM to 8 PM,www.superbakery56.com,Bakery,3
Urban Salon 57,8407 Commerce St,(476) 151-2194,24 Hours,www.urbansalon57.com,Salon,3
Classic Salon 58,6074 Commerce St,(301) 214-7314,10 AM to 8 PM,www.classicsalon58.com,Salon,5
Super Auto Repair 59,8557 Main St,(200) 235-3490,9 AM to 6 PM,www.superautorepair59.com,Auto Repair,4
Green Auto Repair 60,6000 Main St,(441) 779-6777,10 AM to 8 PM,www.greenautorepair60.com,Auto Repair,4
Classic Bakery 61,2503 Commerce St,(213) 624-3260,11 AM to 9 PM,www.classicbakery61.com,Bakery,3
Metro Restaurant 62,5997 Main St,(759) 944-9909,10 AM to 8 PM,www.metrorestaurant62.com,Restaurant,3
Happy Bookstore 63,8728 Main St,(768) 600-3639,10 AM to 8 PM,www.happybookstore63.com,Bookstore,4
Happy Restaurant 64,1242 Maple Ave,(840) 727-6371,24 Hours,www.happyrestaurant64.com,Restaurant,4
Super Barbershop 65,5724 Oak Blvd,(993) 607-9632,7 AM to 5 PM,www.superbarbershop65.com,Barbershop,5
Happy Pet Grooming 66,2430 Commerce St,(203) 615-2387,11 AM to 9 PM,www.happypetgrooming66.com,Pet Grooming,4
Elite Auto Repair 67,8581 Maple Ave,(944) 734-8081,9 AM to 6 PM,www.eliteautorepair67.com,Auto Repair,5
Happy Barbershop 68,3463 Maple Ave,(342) 515-9866,9 AM to 6 PM,www.happybarbershop68.com,Barbershop,4
Elite Barbershop 69,2933 Oak Blvd,(599) 791-3591,11 AM to 9 PM,www.elitebarbershop69.com,Barbershop,3
Elite Salon 70,9298 Main St,(377) 261-8792,24 Hours,www.elitesalon70.com,Salon,3
Urban Cafe 71,2533 Commerce St,(456) 309-4305,7 AM to 5 PM,www.urbancafe71.com,Cafe,3
Green Barbershop 72,4473 Oak Blvd,(983) 512-1967,11 AM to 9 PM,www.greenbarbershop72.com,Barbershop,3
Super Gym 73,4857 Elm St,(656) 800-3965,9 AM to 6 PM,www.supergym73.com,Gym,4
Elite Gym 74,1548 Commerce St,(545) 217-4566,7 AM to 5 PM,www.elitegym74.com,Gym,3
Metro Pet Grooming 75,9411 Elm St,(376) 275-4773,11 AM to 9 PM,www.metropetgrooming75.com,Pet Grooming,3
Urban Bakery 76,3984 Commerce St,(442) 905-9291,11 AM to 9 PM,www.urbanbakery76.com,Bakery,3
Elite Restaurant 77,1389 Elm St,(368) 439-9120,10 AM to 8 PM,www.eliterestaurant77.com,Restaurant,5
Elite Barbershop 78,5148 Maple Ave,(987) 169-9691,24 Hours,www.elitebarbershop78.com,Barbershop,4
Urban Bakery 79,912 Commerce St,(675) 845-3495,24 Hours,www.urbanbakery79.com,Bakery,5
Elite Salon 80,7195 Elm St,(326) 805-8649,7 AM to 5 PM,www.elitesalon80.com,Salon,3
Elite Bookstore 81,531 Elm St,(849) 818-3802,11 AM to 9 PM,www.elitebookstore81.com,Bookstore,3
Super Pet Grooming 82,9999 Commerce St,(408) 629-6773,24 Hours,www.superpetgrooming82.com,Pet Grooming,4
Happy Gym 83,7004 Maple Ave,(811) 645-1672,9 AM to 6 PM,www.happygym83.com,Gym,5
Happy Gym 84,8591 Maple Ave,(768) 541-9246,10 AM to 8 PM,www.happygym84.com,Gym,3
Classic Dry Cleaning 85,3931 Oak Blvd,(775) 893-4970,10 AM to 8 PM,www.classicdrycleaning85.com,Dry Cleaning,4
Happy Barbershop 86,2841 Commerce St,(772) 604-6547,7 AM to 5 PM,www.happybarbershop86.com,Barbershop,4
Metro Dry Cleaning 87,8532 Oak Blvd,(916) 541-6600,9 AM to 6 PM,www.metrodrycleaning87.com,Dry Cleaning,4
Super Dry Cleaning 88,6281 Elm St,(264) 466-4370,11 AM to 9 PM,www.superdrycleaning88.com,Dry Cleaning,5
Metro Bookstore 89,2941 Maple Ave,(434) 762-6584,7 AM to 5 PM,www.metrobookstore89.com,Bookstore,4
Green Gym 90,2462 Oak Blvd,(614) 619-3190,24 Hours,www.greengym90.com,Gym,4
Green Dry Cleaning 91,6194 Commerce St,(571) 516-2476,7 AM to 5 PM,www.greendrycleaning91.com,Dry Cleaning,4
Happy Gym 92,8712 Maple Ave,(333) 986-1535,11 AM to 9 PM,www.happygym92.com,Gym,4
Happy Cafe 93,832 Main St,(892) 939-1494,11 AM to 9 PM,www.happycafe93.com,Cafe,5
Urban Pet Grooming 94,7019 Maple Ave,(477) 345-6682,9 AM to 6 PM,www.urbanpetgrooming94.com,Pet Grooming,4
Green Pet Grooming 95,2439 Oak Blvd,(842) 170-2163,10 AM to 8 PM,www.greenpetgrooming95.com,Pet Grooming,4
Metro Gym 96,9568 Oak Blvd,(729) 197-4115,24 Hours,www.metrogym96.com,Gym,3
Classic Dry Cleaning 97,3181 Oak Blvd,(550) 919-2326,7 AM to 5 PM,www.classicdrycleaning97.com,Dry Cleaning,5
Urban Pet Grooming 98,7300 Main St,(619) 521-8909,9 AM to 6 PM,www.urbanpetgrooming98.com,Pet Grooming,4
Happy Cafe 99,8852 Elm St,(927) 659-1015,10 AM to 8 PM,www.happycafe99.com,Cafe,3
Metro Pet Grooming 100,2882 Maple Ave,(461) 946-9309,11 AM to 9 PM,www.metropetgrooming100.com,Pet Grooming,5